{"stats":{"minecraft:picked_up":{"minecraft:spruce_log":2},"minecraft:mined":{"minecraft:spruce_log":2},"minecraft:used":{"alexsmobs:animal_dictionary":1,"tombstone:gift":1},"minecraft:crafted":{"minecraft:wooden_sword":1,"minecraft:stick":4,"minecraft:spruce_planks":8},"minecraft:custom":{"minecraft:jump":16,"minecraft:time_since_rest":590,"minecraft:deaths":1,"minecraft:damage_dealt":48,"minecraft:damage_taken":225,"minecraft:sprint_one_cm":4361,"minecraft:play_time":5474,"minecraft:walk_on_water_one_cm":3658,"minecraft:time_since_death":1278,"minecraft:walk_one_cm":4237,"minecraft:sneak_time":40,"minecraft:total_world_time":5474,"minecraft:walk_under_water_one_cm":2321,"minecraft:swim_one_cm":42062,"minecraft:interact_with_crafting_table":2,"minecraft:fly_one_cm":2043,"minecraft:open_barrel":1}},"DataVersion":3465}