{"stats":{"minecraft:picked_up":{"minecraft:sculk_catalyst":1},"minecraft:custom":{"minecraft:time_since_rest":9474,"minecraft:walk_on_water_one_cm":3758,"minecraft:crouch_one_cm":48,"minecraft:damage_dealt":5003,"minecraft:leave_game":2,"minecraft:play_time":9474,"minecraft:sprint_one_cm":10401,"minecraft:damage_taken":20,"minecraft:time_since_death":9474,"minecraft:walk_one_cm":5730,"minecraft:sneak_time":145,"minecraft:total_world_time":9474,"minecraft:walk_under_water_one_cm":983,"minecraft:mob_kills":1,"minecraft:fall_one_cm":1031,"minecraft:fly_one_cm":109052,"minecraft:jump":169},"minecraft:used":{"minecraft:netherite_sword":13,"minecraft:wooden_sword":82,"minecraft:warden_spawn_egg":1},"minecraft:killed":{"minecraft:warden":1}},"DataVersion":3465}